response_id,ev_id,ev_date,FCM,LOC,Notes
147c4fda-cdd6-4e01-967b-ee793e5f3538,20100106X32329,2010-01-01,Yes,Yes,fdsaffd
20de9b10-9be4-43a3-9ce4-bde22a6984cf,20100103X60452,2010-01-02,Yes,Yes,fdsaffd
008363bb-a4f7-41c4-9f08-03cd95497f66,20100106X55618,2010-01-06,Yes,Yes,fdsaffd
d0dc7358-25c2-4d0c-880e-c1fe97f369ae,20100219X11249,2010-01-07,Yes,Yes,fdsaffd
95a0af69-42cd-4804-a32d-40ab4b923ffc,20100112X10853,2010-01-10,Yes,Yes,fdsaffd
bac58142-d4e5-4893-8adb-abe2983519d9,20100106X32329,2010-01-01,Yes,Yes,fsdsfs
f7453255-e0cc-4fd2-a045-bf210dc84566,20100103X60452,2010-01-02,Yes,Yes,fsdsfs
382c0873-b5a2-41e9-998e-c9ae2e9876d8,20100106X32329,2010-01-01,Yes,Yes,fsdsfs
30c0194a-8b29-4aa4-8e09-f07291663f98,20100103X60452,2010-01-02 00:00:00,Yes,Yes,fsdsfs,2025-11-25T04:11:03.379099+00:00
82b823f9-9195-449d-a341-01d9a2bcf774,20100106X55618,2010-01-06 00:00:00,Yes,Yes,fsdsfs,2025-11-25T04:12:15.961076+00:00
a3a0619d-fcf8-46af-8f30-05040afed9e5,20100106X32329,2010-01-01 00:00:00,Yes,No,"test 1
",2025-11-25T04:13:32.438422+00:00
9bf5e830-443d-4538-97ce-87b85a6b3952,20100103X60452,2010-01-02 00:00:00,No,Yes,test 2,2025-11-25T04:13:39.505493+00:00
5e4167db-7e41-44fa-8b7b-b9ce259ad0a7,20100106X55618,2010-01-06 00:00:00,Cannot Determine,Cannot Determine,test 3,2025-11-25T04:13:45.323934+00:00
